Firstname,Lastname,Callname,Institution,Type,Location,Lead,Lead_TF,RWE,Estimand,DoseFinding,CMC,Safety,ContEd,TrialDesign,LTFU,DSAI
Alan,Chiang,,Lyell,Industry,,,,,,1,1,,1,,1,1
Alessandro,Previtali,,BMS,Industry,,,,,1,,,,,,,
Alex,Sverdlov,,Novartis,Industry,,,,,1,,,,,,1,
Ally,He,,Crisprtx,Industry,,,,,,1,,,,,,
Andrew,Lewandowski,,Novartis,Industry,,,,,,1,,,,,,
Avery,McIntosh,,Pfizer,Industry,,,,,1,,,,,,,
Bambang,Adiwijaya,,Novartis,Industry,,,,,,1,,,,,,
Bill,Pikounis,,JNJ,Industry,,,,,,,1,,,,,
Daniel,Li,,BMS,Industry,,,,,,1,,,,1,,1
Evgeny,Degtyarev,,Novartis,Industry,,,,,,,,,,1,,
Jose,Ramirez,,Kitepharma,Industry,,,,,,,1,,,,,
Khadija,Rantell,,MHRA,Regulator,,,RWE,1,1,,,,1,,,
Lina,Yang,,Novartis,Industry,,,,1,,,1,,,,,
Nicolas,Ballarini,,Novartis,Industry,,,Estimand,,1,,,,1,1,,
Patricia,Anderson,,ICON plc,Industry,,,ContEd,,,,,,1,1,1,
Revathi,Ananthakrishnan,,BMS,Industry,,,DoseFinding,,,1,,,1,1,,
Rong,Liu,,Regeneron,Industry,,,DoseFinding,,,1,,,,,,
Sangwook,Choi,,BMS,Industry,,,CMC,,,,1,,,,,
Shihua,Wen,,Novartis,Industry,,,ltfu,1,1,,,,1,,1,
Shihua,Wen,,Novartis,Industry,,,RWE,,,,,,,,,
Weidong,Zang,,Sana,Industry,,,TrialDesign,,,,,,,,,
Yeonhee,Kim,,Lyell,Industry,,,,1,,,,,,,,
Yiran,Hu,Bonnie,Abbvie,Industry,,,,,1,,,,,,,
Zhenzhen,Xu,,FDA,Regulator,,,,1,,,,,,1,,1
Josh,Chen,,Vrtx,Industry,,,,,,,,,,,,
Ran,Duan,,Vrtx,Industry,,,,,,,,,,,,
James,Whitmore,,Kitepharma,Industry,,,,,,,,,,,,1
Cong,Han,,Astellas,Industry,,,,,1,1,,,1,,,
Qinghua,Song,,Kitepharma,Industry,,,DSAI,,,,,,,,,1
Md,Shamsuzzaman,,BMS,Industry,,,DSAI,,,,,,,,,1
Frank,Shen,,BMS,Industry,,,,,,1,,,,,,
Hao,Sun,,BMS,Industry,,,,,,1,,,,,,
