YEAR,EVENT,TYPE,SPEAKER,TITLE,DATE,LOCATION,LINK
2023,ASA BIOP Regulatory-Industry Statistics Workshop,Round table,"Patricia Anderson, Revathi Ananthakrishnan, Shihua Wen",Considerations on the Design and Analysis for Early Phase Cell and Gene Therapy Studies,2023-09-27,"Rockville, MD",
2023,ASA BIOP Regulatory-Industry Statistics Workshop,Presentation,"Daniel, Li",Challenges and Lessons Learned in Autologous CAR T-Cell Development from a Statistical Perspective,2023-09-28,"Rockville, MD",
2023,79th Annual Deming Conference on Applied Statistics,Short course,"Patricia Anderson, Revathi Ananthakrishnan, Shihua Wen","Cell and Gene Therapy (CGT): Introduction and Overview of Important Regulatory, Statistical and Operational Considerations",2023-12-04,"Philadelphia, PA",
2024,Joint Statistical Meetings (JSM),Contributed Panel Session,"Zhenzhen Xu, Daniel Li, James Whitmore, Khadija Rantell, Alan Chiang, Joshua Chen, Alan Chiang,",Lessons Learned from the Recent Cell and Gene Therapy Product Development and Approval,2024-08-01,"Portland, OR",https://ww3.aievolution.com/JSMAnnual2024/Events/viewEv?ev=1769
2024,ASA BIOP Regulatory-Industry Statistics Workshop,Short course,"Patricia Anderson, Revathi Ananthakrishnan, Shihua Wen","Cell and Gene Therapy (CGT): Introduction and Overview of Important Regulatory, Statistical and Operational Considerations",2024-09-25,"Rockville, MD",https://ww3.aievolution.com/AMSTATevents/index.cfm?do=ev.viewEv&ev=3285
2024,ASA BIOP Regulatory-Industry Statistics Workshop,Parallel session,Patricia Anderson,PS4 Back to the Future: What's New and Coming Next in Cell and Gene Therapy,2024-09-26,"Rockville, MD",https://ww3.aievolution.com/AMSTATevents/index.cfm?do=ev.viewEv&ev=3471
2024,ASA Philadelphia chapter,Presentation,Avery McIntosh,Development of Gene Therapies: Thoughts on Innovation and Best Practices for Biostatistics,2024-11-14,"Philadelphia, PA",
2025,Joint Statistical Meetings (JSM) (Upcoming),Short course,"Patricia Anderson, Revathi Ananthakrishnan, Shihua Wen",Statistical Considerations in Cell and Gene Therapy Development,2025-08-02,"Nashville, TN",
2026,ASA BIOP Regulatory-Industry Statistics Workshop,Parallel session,"Co-chairs: Patricia Anderson, Zhenzhen Xu, Evgeny Degtyarev",Pivotal Trial Designs for New and Next Generation CGTs,2026-09-25,"Rockville, MD",
